{"train_loss": 0.1816700522626451, "_timestamp": 1669412110, "_runtime": 1844, "_step": 4974, "eval_loss": 0.1469284130762967, "_wandb": {"runtime": 1845}}