{"train_loss": 0.08614878312313752, "_timestamp": 1669646320, "_runtime": 13450, "_step": 39709, "eval_loss": 0.10744055175132437}