{"train_loss": 0.08288208182928097, "_timestamp": 1669814062, "_runtime": 13456, "_step": 40025, "eval_loss": 0.10504194420876778}